stateabbr,statedesc,countyname,countyfips,totalpopulation,obesity_crudeprev,lpa_crudeprev,csmoking_crudeprev,depression_crudeprev,bphigh_crudeprev,access2_crudeprev
TX,Texas,Hemphill,48211,3189,32.7,25.5,11.7,21.5,34.1,16.4
TX,Texas,Goliad,48175,7144,37,30.4,14.2,21.5,40.5,18.1
TX,Texas,Taylor,48441,146836,34.3,26.1,12.9,23.4,32.7,15.7
TX,Texas,El Paso,48141,869880,34,33.4,12.1,19.9,33.1,29
TX,Texas,Brazoria,48039,398938,36.3,25.6,11.6,19.9,34.6,16.2
TX,Texas,Castro,48069,7227,38.2,34.2,13.3,20.1,36.2,27.7
TX,Texas,Hansford,48195,5071,36.8,31,13.6,22,34.6,23.4
TX,Texas,Jackson,48239,15221,37.7,31.7,15,22.4,38.6,19.7
TX,Texas,Zapata,48505,13736,43.7,47.1,17.1,20.4,38.2,42.8
TX,Texas,King,48269,217,37.8,32.5,17.5,22.8,45,16.1
TX,Texas,Angelina,48005,87319,40.8,33.4,17.1,24.3,41.3,18.8
TX,Texas,Duval,48131,9604,41.2,41.1,14.8,19.4,38.4,35.4
TX,Texas,Limestone,48293,22250,39.7,32.8,16.6,22.8,41.9,18.1
TX,Texas,Lynn,48305,5761,38.6,32.5,15.9,22.9,37.5,21.9
TX,Texas,Gaines,48165,22523,36.1,31.8,16.4,23.8,30.8,25.6
TX,Texas,Medina,48325,54797,39.5,30.5,12.6,20.6,37.1,21.6
TX,Texas,Stonewall,48433,1218,35.8,32.2,15,22.1,42.7,17.2
TX,Texas,Presidio,48377,5795,41,43.7,14.6,18.7,42.9,34.8
TX,Texas,Hartley,48205,5145,34.5,26.8,13.4,20.7,34.9,18.8
TX,Texas,Dallam,48111,7237,39.6,35.6,16.9,22.3,35.1,27.4
TX,Texas,Cottle,48101,1294,40.6,35.4,17.6,22.6,45.1,19.7
TX,Texas,Runnels,48399,9868,35.9,31,14.3,21.9,38.2,19.3
TX,Texas,Webb,48479,269148,42.1,39.2,12.7,19.1,31.6,36.2
TX,Texas,Brooks,48047,6848,42.6,42.8,15.4,19.3,38.3,37.8
TX,Texas,Atascosa,48013,51784,42.2,35,13.7,20.7,36.8,27.4
TX,Texas,Kendall,48259,50537,34.3,21.2,10,20.4,34.9,11.5
TX,Texas,Fort Bend,48157,916778,30.1,24.3,9.8,17.5,31.8,12.6
TX,Texas,Smith,48423,245209,37.5,27,13.6,23.3,36.4,15.3
TX,Texas,Uvalde,48463,24960,40.1,34.5,13.1,20.6,35.5,28.5
TX,Texas,Navarro,48349,55635,38.1,32.9,16.6,23.3,38.4,20.8
TX,Texas,Lavaca,48285,20571,36.3,29.7,14.4,22.8,40.6,15.4
TX,Texas,Parmer,48369,9617,37,33.8,13.4,20.1,34.9,28.6
TX,Texas,Martin,48317,5216,36,29.3,14,22.2,32.3,21.8
TX,Texas,Childress,48075,6788,36.1,29.6,14.7,21.9,34,21.6
TX,Texas,Oldham,48359,1783,36.1,28.6,15.3,24.3,36.3,15
TX,Texas,Terrell,48443,687,33.8,26.8,9.2,17.9,39.6,16.8
TX,Texas,Comanche,48093,14050,36.7,30.5,14.5,22.5,40.1,18.1
TX,Texas,Mitchell,48335,9075,38.4,31.8,16,21,35.4,24.2
TX,Texas,Rains,48379,12986,35.8,27.5,14.6,23.3,40.5,12.4
TX,Texas,Caldwell,48055,49859,42.2,33.3,14.4,21.4,34.9,25.9
TX,Texas,Wilbarger,48487,12522,39.6,35.8,18.2,23.7,40.3,21.3
TX,Texas,Hood,48221,67774,33.2,24.7,12,22.6,38,11.7
TX,Texas,Schleicher,48413,2391,36,30.7,12.3,20.2,37.1,22.5
TX,Texas,Bailey,48017,6672,38.8,36.4,14.4,21.2,35.6,30.2
TX,Texas,Gregg,48183,126243,36.8,29.1,15.3,23.7,37.6,16.3
TX,Texas,Johnson,48251,202906,33.4,27,14.4,23.2,33.8,16.3
TX,Texas,Blanco,48031,13048,34.5,24.1,11.5,21.5,38.7,11.9
TX,Texas,Cameron,48061,426710,40.3,36.9,13,18.9,34,35.9
TX,Texas,Zavala,48507,9312,47.5,48.4,18,20.8,40.6,42.4
TX,Texas,Guadalupe,48187,188454,34.7,25.9,12.5,22.1,33.8,17.1
TX,Texas,Armstrong,48011,1832,33.3,24.9,12.8,23,38,11.4
TX,Texas,Wise,48497,78097,34.1,26.6,14.8,23.5,34.5,15.2
TX,Texas,Hudspeth,48229,3451,41,38.5,18.7,20.5,33,38.6
TX,Texas,Travis,48453,1334961,30.4,19.9,9.5,22.1,26.6,13.9
TX,Texas,Reeves,48389,11770,40.7,41.5,15.6,19.6,35.6,37.3
TX,Texas,DeWitt,48123,19929,37.6,33,16,21.5,40.2,21.2
TX,Texas,Washington,48477,37007,35.7,26.5,12.1,21.7,38.5,13.2
TX,Texas,Coryell,48099,84878,37.3,26.8,14.1,24,30.4,16
TX,Texas,Jeff Davis,48243,1856,37.9,34.2,14.4,21,50.1,17.5
TX,Texas,Starr,48427,65934,45,47,16.9,21.2,36.6,43.5
TX,Texas,Hutchinson,48233,20033,35.1,28.2,14.8,23.4,36,16.7
TX,Texas,Hamilton,48193,8619,36.1,30,15.3,23.2,41.3,14.6
TX,Texas,Kinney,48271,3148,36.8,32,12.2,19.4,39.2,25.4
TX,Texas,Wood,48499,47921,34.3,28.6,14.8,23.2,41.2,13.6
TX,Texas,Live Oak,48297,11584,39.7,35,16.8,21.4,40,25.3
TX,Texas,Donley,48129,3214,34.2,28.8,14.3,23.6,39.4,14.6
TX,Texas,Palo Pinto,48363,29747,39.4,30.7,16.3,24,38.6,16.7
TX,Texas,Floyd,48153,5090,39.1,36.5,15.2,21,38.9,27.6
TX,Texas,Shelby,48419,24179,41.1,35.2,18.5,23.9,42,18.9
TX,Texas,Erath,48143,44195,33.4,25.1,12.9,24.9,30.9,14.7
TX,Texas,Chambers,48071,53876,35,25,13.4,23.4,32.1,15.9
TX,Texas,Borden,48033,572,33.2,25.5,12.4,21.7,39.6,11.4
TX,Texas,Frio,48163,17987,40.5,38.6,15,19.5,33.1,37
TX,Texas,Aransas,48007,25374,36,30.2,14.1,22.4,43.5,16
TX,Texas,Victoria,48469,91664,37.2,31.6,13.9,21.6,35.4,22.5
TX,Texas,Haskell,48207,5385,36.6,32.1,16.3,22.9,39.3,20.2
TX,Texas,Liberty,48291,108272,40.1,34.5,17.8,23.7,35.4,23.8
TX,Texas,Coke,48081,3352,36.3,31.7,15.3,22.9,42.3,16.8
TX,Texas,Lamar,48277,51127,38.5,30.1,16.7,24.6,39.9,14.2
TX,Texas,Garza,48169,4517,39.9,36,16.9,20.9,35.5,30.9
TX,Texas,Briscoe,48045,1445,39.5,34.5,16.8,22.8,43.4,20.5
TX,Texas,Sutton,48435,3221,38.3,35.8,14,20.1,39.2,27.2
TX,Texas,Williamson,48491,697191,32.6,22.5,9.9,20.4,29.2,12.2
TX,Texas,Kaufman,48257,185690,38,27.3,14,22.2,32.5,16.8
TX,Texas,Crockett,48105,2858,37.7,35.3,14.3,20.3,37.7,28.2
TX,Texas,Maverick,48323,57762,43.9,41.7,14.2,19.7,34.4,38.8
TX,Texas,Pecos,48371,14623,40.2,37.4,15.8,19.6,36.2,31.1
TX,Texas,Montague,48337,21598,35,28.4,15.7,24.4,38.7,14.1
TX,Texas,Moore,48341,21190,39,35.9,15.7,21.3,34.5,29.3
TX,Texas,San Augustine,48405,7833,43.5,39.2,21.8,24.3,49.7,17.5
TX,Texas,Henderson,48213,86158,35.4,30.1,16.1,24.2,40.6,14.9
TX,Texas,Rusk,48401,53079,37.5,29.8,16.1,22.7,39,16.9
TX,Texas,Bee,48025,30850,39.2,32.9,14.8,19.6,34.2,27.7
TX,Texas,Howard,48227,30554,38.4,32.1,15.1,22,34.8,23.5
TX,Texas,Cherokee,48073,52217,35.7,31.8,16.9,23.6,38.7,19.1
TX,Texas,Gonzales,48177,19930,39.4,35.8,15.8,21.8,38.8,25.8
TX,Texas,Burnet,48053,53991,35.3,26.8,13.1,22.2,38.3,14.7
TX,Texas,La Salle,48283,6537,38.8,39.8,15.3,19.5,33.6,39.7
TX,Texas,Jim Wells,48249,38662,40.6,40.2,14.6,20,37.3,32.9
TX,Texas,Baylor,48023,3463,36.1,30.8,16.2,23.9,41.3,15.3
TX,Texas,Fannin,48147,37571,39.2,29.1,16.6,24.5,37.5,15.3
TX,Texas,Marion,48315,9571,39.1,33.1,17.7,23.1,46.8,13.6
TX,Texas,Dallas,48113,2606358,35.7,30.5,12.5,19.3,33.1,20.6
TX,Texas,Coleman,48083,7842,37.2,29.8,15.5,23.3,41.9,14.5
TX,Texas,Val Verde,48465,47720,37.8,36.4,13,19.5,33,32.3
TX,Texas,Wichita,48485,130180,35.3,27,14.6,23.9,34.8,15.9
TX,Texas,Nacogdoches,48347,65375,33.2,29.8,14.9,24.4,35,16.7
TX,Texas,Hockley,48219,21460,36.1,32,14.5,22,35.1,23.2
TX,Texas,Tom Green,48451,119057,36.8,29,12.8,23,34.8,19.3
TX,Texas,Ward,48475,10966,37.6,33.9,14.5,21.3,34.8,26
TX,Texas,Ochiltree,48357,9704,39.2,33.4,14.9,22.1,34.8,26.1
TX,Texas,Brewster,48043,9513,32.8,24.9,9.7,20.1,35,15.8
TX,Texas,Titus,48449,31357,38.6,35.1,16.5,22.5,37.8,24.8
TX,Texas,Jasper,48241,32694,41.1,33.5,18.9,24.5,43.2,15
TX,Texas,Grimes,48185,32384,37.1,30.1,15.7,22.6,38.7,18.5
TX,Texas,Knox,48275,3302,37.8,32.4,15.6,22.6,40.3,19.1
TX,Texas,Archer,48009,9029,34.9,26.5,14.6,23.8,38.1,12.3
TX,Texas,San Saba,48411,5845,35.8,30.9,14.9,21.9,38.2,20.7
TX,Texas,McCulloch,48307,7452,36.4,32.1,15.1,22.7,40.4,19
TX,Texas,Camp,48063,13000,40,33.8,17.2,23.5,40.9,19.8
TX,Texas,Denton,48121,1007703,33.7,21.2,9.8,20.8,29.5,11.2
TX,Texas,Red River,48387,11678,38.5,32.5,17.5,23.7,44.8,14.3
TX,Texas,Foard,48155,1079,40.1,35.6,18,23.8,45.4,18.4
TX,Texas,Comal,48091,193928,35,21.8,10.5,20.3,34.3,12.9
TX,Texas,Sherman,48421,2678,35.4,28.5,12.3,21,34.2,20.9
TX,Texas,Kerr,48265,53915,34.4,28,12.4,21.4,40.3,15.7
TX,Texas,San Jacinto,48407,28936,39,32.4,17.5,23.9,42.7,17.6
TX,Texas,Anderson,48001,57736,39.9,30.6,17.4,22,38.6,19.1
TX,Texas,Llano,48299,22875,35.8,28.1,12.5,21.5,44.8,12.2
TX,Texas,Collingsworth,48087,2563,39.3,32,16.5,23.4,39.9,20.2
TX,Texas,Real,48385,2854,38.1,34.6,16.4,22.7,45.5,18.3
TX,Texas,Morris,48343,12066,39,31.6,16.7,23.4,42.7,14.7
TX,Texas,Stephens,48429,9343,36.3,29.9,15.6,22.8,37.7,18.4
TX,Texas,Walker,48471,81268,39.3,29.7,16.2,22.8,36.2,18.1
TX,Texas,Upshur,48459,43281,37.6,29.6,16.6,24.9,38.8,14.1
TX,Texas,Panola,48365,22838,37.4,28.7,15.6,23.5,39.3,13.9
TX,Texas,Carson,48065,5878,34,24.2,13.1,23.2,36,11.5
TX,Texas,Cooke,48097,43782,36.1,27.7,14.5,23.7,37.4,15.2
TX,Texas,Robertson,48395,17267,37.9,31.5,15.7,22.2,40.8,17.4
TX,Texas,McMullen,48311,568,38.6,35.5,15.9,21.3,42.1,22.3
TX,Texas,Bell,48027,393193,43.2,29.3,13.3,24.7,33.2,16.2
TX,Texas,Irion,48235,1549,35.1,26.7,12.8,22.5,37.7,14.5
TX,Texas,Hardin,48199,58261,34,26.8,15.6,24.8,36.7,12.6
TX,Texas,Houston,48225,22066,38.2,33.7,17.9,22.7,43.4,17.9
TX,Texas,Yoakum,48501,7468,37.6,32.1,12.9,20.9,32.6,27.1
TX,Texas,Leon,48289,16538,36.2,30.5,15.9,23.2,41.6,15.7
TX,Texas,Hidalgo,48215,898471,44.2,37.5,13.3,20.2,33.4,37.4
TX,Texas,Swisher,48437,6955,40.5,36.9,17.6,21.9,39.3,26.5
TX,Texas,Freestone,48161,20441,38.2,30.1,16,22.7,41,16.1
TX,Texas,Gillespie,48171,27733,32.8,25.6,11.1,21,40.3,13.7
TX,Texas,Harris,48201,4835125,37.3,26.8,12.7,19.7,32.8,21.3
TX,Texas,Van Zandt,48467,64000,36,28.7,15.6,24.7,38.8,13.9
TX,Texas,Edwards,48137,1393,38.2,36.4,15,20.1,44.6,25.2
TX,Texas,Bosque,48035,18996,35.9,28.2,14.2,22.9,40,14.7
TX,Texas,Jefferson,48245,251496,41.3,31.9,16.1,21.1,39.8,18.9
TX,Texas,Lamb,48279,12711,40,35.9,15.2,21.4,38.2,27.3
TX,Texas,Calhoun,48057,19696,34.8,31.3,13,20.1,36.8,22
TX,Texas,Polk,48373,54186,39.2,32.4,18.9,24.8,40.7,17.3
TX,Texas,Crosby,48107,4917,40.5,37,15.9,21.6,39.5,27.2
TX,Texas,Wilson,48493,54183,35.3,26.6,12.4,20.9,34.2,17.5
TX,Texas,Sabine,48403,10106,35.5,30.7,16.2,23.1,45.9,12.5
TX,Texas,Wheeler,48483,4804,37.2,30.8,16,23.4,39.8,17.3
TX,Texas,Burleson,48051,19475,35.9,28.7,14.1,22.1,39.3,15.9
TX,Texas,Hall,48191,2818,39.1,34.4,15.6,22.1,42.7,21.3
TX,Texas,Ector,48135,164494,40,31.8,14.2,21.2,30.5,28
TX,Texas,Tyler,48457,20382,38.7,33.1,19.3,24.3,42,17.3
TX,Texas,Hill,48217,38101,36.9,30.4,15.3,23.5,38.8,16.6
TX,Texas,Bastrop,48021,110778,40.2,31.3,14,21.9,35.7,21.6
TX,Texas,Montgomery,48339,711354,31.8,23.5,11.8,21.5,31.9,14.7
TX,Texas,Gray,48179,20916,38.5,31.6,16.4,23.2,37.6,20.1
TX,Texas,Lampasas,48281,23262,35.1,27.8,14.2,23.6,38.5,14.5
TX,Texas,Karnes,48255,15018,38.9,34.1,16,20.4,35.3,28.2
TX,Texas,Hays,48209,280486,34.5,23.1,10.8,21.9,29,16.6
TX,Texas,Matagorda,48321,36359,39.4,33.8,15.3,22,39.6,22.6
TX,Texas,Cochran,48079,2509,42.6,41.7,19.3,22.9,39.8,32.3
TX,Texas,Falls,48145,17286,40,33.8,17.1,23.1,40.9,19.5
TX,Texas,Dawson,48115,12004,39.4,36.5,17.1,21.1,36,29.9
TX,Texas,Collin,48085,1195359,32.3,20,9.3,20,30.4,10.1
TX,Texas,Reagan,48383,3141,39.1,33,13.1,19.6,34.3,27
TX,Texas,Kleberg,48273,30069,37.1,33.9,12.1,21,31.5,27.9
TX,Texas,Dimmit,48127,8257,46.8,49.5,18.9,20.9,42.3,41.1
TX,Texas,Shackelford,48417,3229,33.8,24.1,12.5,23.2,36.8,11.4
TX,Texas,McLennan,48309,268583,34.8,27.9,13.5,23.6,34.3,16.8
TX,Texas,Milam,48331,25951,37.1,31.1,15.3,22.7,40.2,17.6
TX,Texas,Roberts,48393,840,33.7,23.6,12.4,22.8,36.3,11
TX,Texas,Kent,48263,734,32.5,25.2,11.5,21.6,38.9,12
TX,Texas,Throckmorton,48447,1526,35.5,30,14.9,22.9,43.1,13.1
TX,Texas,Colorado,48089,21117,36.2,29.9,13.6,21.1,40,17.7
TX,Texas,Midland,48329,177108,35.9,26.6,12,21.4,30.5,20
TX,Texas,Nolan,48353,14306,40.5,35.8,17.3,23.1,40.3,22.9
TX,Texas,Nueces,48355,352289,39.7,31.8,13.1,20,36.2,24.6
TX,Texas,Brazos,48041,244703,29.4,24.2,11.7,24.2,27.8,15.6
TX,Texas,Fayette,48149,25474,33.9,26.5,12.3,21.3,39.3,14.2
TX,Texas,Lubbock,48303,320940,35.4,27.6,12.6,22.7,30.3,17.6
TX,Texas,Cass,48067,28659,39.3,30.8,17.2,24,42.8,13.5
TX,Texas,Bowie,48037,91687,36.7,29.1,16,23.6,38.9,14.1
TX,Texas,Potter,48375,114647,41.8,34.9,17.3,23,37.6,23.8
TX,Texas,Culberson,48109,2196,40.3,40.8,16.1,19.9,40.2,31.3
TX,Texas,Rockwall,48397,131307,35.1,20.4,10,21.8,30.5,11.3
TX,Texas,San Patricio,48409,70660,41.3,34.6,14.4,20.7,38,24.9
TX,Texas,Delta,48119,5520,37.1,28.3,15.9,24.4,39.1,13.4
TX,Texas,Waller,48473,63553,36.6,26.9,12.2,21.6,31.2,17.6
TX,Texas,Glasscock,48173,1141,34,23.3,10.8,21.2,32.4,15.4
TX,Texas,Tarrant,48439,2182947,33.2,27.7,12.7,22.7,31.4,16.8
TX,Texas,Harrison,48203,70895,38.8,29.5,15.2,23.5,38.6,14.4
TX,Texas,Motley,48345,1020,35.2,28.8,14.4,22.4,41.8,15.1
TX,Texas,Kimble,48267,4442,36.8,31.5,14.8,22.5,43.8,16.9
TX,Texas,Jack,48237,8875,37.8,30.4,17.5,24,37.5,18
TX,Texas,Young,48503,18124,37.1,28.4,14.5,23.4,38.1,15.2
TX,Texas,Eastland,48133,18037,35.5,29.8,15.6,24.1,38.7,15.9
TX,Texas,Parker,48367,173494,35.5,23.4,12.9,24,34,12.1
TX,Texas,Ellis,48139,222829,37.2,25.8,12.6,22.6,34.2,15.6
TX,Texas,Callahan,48059,14374,36.2,26.5,14.7,23.9,38.5,12.5
TX,Texas,Austin,48015,31677,37.3,30.1,14.6,22.1,39.5,17.2
TX,Texas,Galveston,48167,361744,34,25.4,12.3,21.7,35.7,15
TX,Texas,Wharton,48481,41739,40,32.1,14.2,21.5,38.1,21.3
TX,Texas,Andrews,48003,18664,36.7,31.1,14.5,22.1,31.9,25.9
TX,Texas,Jim Hogg,48247,4720,44.7,47.7,17.2,19.7,41.6,40.6
TX,Texas,Crane,48103,4574,39.7,36,14.3,20.4,34.3,30.5
TX,Texas,Madison,48313,13742,37.1,31.5,16.2,22,36.1,21.3
TX,Texas,Sterling,48431,1397,33.2,23.8,11.2,21.4,31.1,15.6
TX,Texas,Refugio,48391,6666,39.7,35.9,15,21,40.8,24.3
TX,Texas,Hardeman,48197,3490,37.6,31.2,15.8,23.1,40.5,17.5
TX,Texas,Dickens,48125,1711,37.5,32.5,15.1,21.9,43,18.7
TX,Texas,Mason,48319,3931,33.5,26.8,11.5,20.9,41.2,14.4
TX,Texas,Bandera,48019,22637,35.5,29.7,13.9,22.7,42.6,14.1
TX,Texas,Franklin,48159,10735,35.3,25.5,13.1,22.9,38.4,12.5
TX,Texas,Somervell,48425,9888,34.3,25.7,13.4,23.1,36.6,13.4
TX,Texas,Willacy,48489,20037,43.2,44.1,16.4,19.5,36.5,40.8
TX,Texas,Hopkins,48223,38172,37.5,29.6,15.5,24.1,37.5,16.1
TX,Texas,Trinity,48455,14228,37.7,31.7,16.8,23.7,43.9,14.5
TX,Texas,Terry,48445,11547,40.7,37.3,16.7,21.9,37.6,29.2
TX,Texas,Concho,48095,3297,37.1,32,15.8,20,38.5,23.7
TX,Texas,Orange,48361,85722,38.4,27.6,15.7,25,36.6,13.4
TX,Texas,Randall,48381,148255,35.1,23.5,12,23.6,32.8,14
TX,Texas,Hale,48189,31761,38.9,36.1,15.7,21.3,36.3,28.9
TX,Texas,Lee,48287,18240,39.8,31.9,16.4,22.9,40.6,18.6
TX,Texas,Jones,48253,20381,38.7,30.7,17.1,21.4,36.2,22.3
TX,Texas,Scurry,48415,16212,38.1,31,14.2,22.1,35.3,21.3
TX,Texas,Brown,48049,38709,34.9,30.1,15.3,23.5,38.1,16.6
TX,Texas,Fisher,48151,3612,36.1,28.8,13.4,21.6,40,15.7
TX,Texas,Deaf Smith,48117,18347,40.7,39.8,15.7,20.9,35.5,34.7
TX,Texas,Bexar,48029,2087679,34.1,30.6,12.2,22.2,33.5,21.9
TX,Texas,Menard,48327,1958,36.5,33.3,14,20.9,44.2,20.5
TX,Texas,Newton,48351,12039,42.8,37.1,22.2,25,46.2,16.2
TX,Texas,Upton,48461,3109,40.9,37.1,16.6,21.9,37.9,27.2
TX,Texas,Lipscomb,48295,2906,36.7,30.6,14.5,22,38.6,20.1
TX,Texas,Hunt,48231,113347,36.7,28,15.2,23.3,35.6,16.2
TX,Texas,Clay,48077,10738,34.9,26.4,14.2,23.6,39.3,11.3
TX,Texas,Mills,48333,4548,33,26.9,12.7,21.9,40.4,13.4
TX,Texas,Grayson,48181,146907,33.9,27.4,14.4,24.3,36.1,13.7
TX,Texas,Kenedy,48261,343,37.9,40.2,15.1,19.3,38.2,35.1
TX,Texas,Winkler,48495,7414,37.6,33.2,14.1,20.5,33.8,27.6
