STCNTY,COUNTY,RPL_THEME1,RPL_THEME2,RPL_THEME3,RPL_THEME4
48001,Anderson County,0.585,0.1897,0.5059,0.9881
48003,Andrews County,0.7036,0.4625,0.7787,0.3953
48005,Angelina County,0.8498,0.92490000000000006,0.4625,0.92490000000000006
48007,Aransas County,0.502,0.1304,0.3281,0.8142
48009,Archer County,0.1502,0.2688,0.0079,0.0198
48011,Armstrong County,0.0158,0.1186,0.0119,0.0237
48013,Atascosa County,0.7312,0.7312,0.8379,0.8063
48015,Austin County,0.2372,0.5613,0.4427,0.5455
48017,Bailey County,0.4466,0.8735,0.8735,0.6443
48019,Bandera County,0.253,0.2846,0.1779,0.3755
48021,Bastrop County,0.5692,0.3557,0.664,0.668
48023,Baylor County,0.2292,0.3715,0.083,0.1818
48025,Bee County,0.8419,0.1225,0.8577,0.8814
48027,Bell County,0.6047,0.6008,0.6996,0.7273
48029,Bexar County,0.664,0.6601,0.8893,0.6957
48031,Blanco County,0.1225,0.0553,0.1739,0.0395
48033,Borden County,0.004,0.0751,0.0672,0.0988
48035,Bosque County,0.2411,0.4269,0.1502,0.3597
48037,Bowie County,0.4506,0.3281,0.3913,0.8933
48039,Brazoria County,0.1423,0.2332,0.6957,0.4585
48041,Brazos County,0.5336,0.004,0.5771,0.7628
48043,Brewster County,0.1779,0.1107,0.6206,0.7431
48045,Briscoe County,0.7708,0.6443,0.502,0.0158
48047,Brooks County,0.917,0.7154,0.9723,0.5573
48049,Brown County,0.4901,0.7233,0.2767,0.8617
48051,Burleson County,0.1344,0.3083,0.3676,0.4308
48053,Burnet County,0.2213,0.3123,0.2332,0.4783
48055,Caldwell County,0.6364,0.5217,0.8063,0.9763
48057,Calhoun County,0.0988,0.83,0.747,0.4387
48059,Callahan County,0.1897,0.1779,0.0474,0.0909
48061,Cameron County,0.9684,0.9012,0.9684,0.8221
48063,Camp County,0.8261,0.9328,0.5929,0.4506
48065,Carson County,0.0079,0.0316,0.0395,0.0553
48067,Cass County,0.5217,0.7036,0.1581,0.5138
48069,Castro County,0.6798,0.7194,0.8458,0.498
48071,Chambers County,0.2569,0.1542,0.3557,0.1423
48073,Cherokee County,0.8696,0.8063,0.4743,0.9368
48075,Childress County,0.8735,0.3123,0.6285,0.1621
48077,Clay County,0.0277,0.253,0.004,0.0711
48079,Cochran County,0.8775,0.8696,0.8182,0.6719
48081,Coke County,0.3676,0.5138,0.1897,0.2095
48083,Coleman County,0.5336,0.5573,0.1502,0.2846
48085,Collin County,0.0593,0.1028,0.6087,0.1462
48087,Collingsworth County,0.6838,0.9684,0.4308,0.4229
48089,Colorado County,0.3241,0.2213,0.5731,0.8538
48091,Comal County,0.0435,0.087,0.3399,0.1383
48093,Comanche County,0.5455,0.6285,0.3162,0.2451
48095,Concho County,0.1581,0.9565,0.581,0.5889
48097,Cooke County,0.1937,0.5415,0.1937,0.5257
48099,Coryell County,0.4387,0.1937,0.5217,0.5692
48101,Cottle County,0.4348,0.8063,0.4545,0.1186
48103,Crane County,0.3913,0.2964,0.8656,0.8775
48105,Crockett County,0.2174,0.5178,0.7391,0.1107
48107,Crosby County,0.7787,0.9842,0.7866,0.5731
48109,Culberson County,0.6126,0.6917,0.9407,0.6482
48111,Dallam County,0.6245,0.2174,0.6759,0.4427
48113,Dallas County,0.8577,0.5296,0.8854,0.7391
48115,Dawson County,0.9723,0.7549,0.8379,0.5375
48117,Deaf Smith County,0.6522,0.7826,0.9091,0.3478
48119,Delta County,0.3241,0.1344,0.1067,0.0435
48121,Denton County,0.0909,0.0632,0.5494,0.2134
48123,DeWitt County,0.5889,0.1502,0.6008,0.7708
48125,Dickens County,0.5731,0.6166,0.4704,0.1344
48127,Dimmit County,0.9328,0.996,0.9605,0.9684
48129,Donley County,0.2016,0.0198,0.1225,0.3162
48131,Duval County,0.834,0.917,0.9565,0.8024
48133,Eastland County,0.4783,0.4941,0.1186,0.6877
48135,Ector County,0.8933,0.6522,0.8617,0.8972
48137,Edwards County,0.8379,0.5375,0.6561,0.166
48139,Ellis County,0.1858,0.4387,0.5138,0.2332
48141,El Paso County,0.9605,0.8577,0.9447,0.747
48143,Erath County,0.6443,0.0514,0.2095,0.7668
48145,Falls County,0.9091,0.1462,0.6522,0.9644
48147,Fannin County,0.3992,0.0711,0.1304,0.5059
48149,Fayette County,0.0791,0.1818,0.2727,0.5099
48151,Fisher County,0.0553,0.7273,0.4348,0.0632
48153,Floyd County,0.7589,0.9644,0.8103,0.1304
48155,Foard County,0.747,0.2925,0.3083,0.0949
48157,Fort Bend County,0.0988,0.2767,0.8538,0.1739
48159,Franklin County,0.1383,0.3834,0.1344,0.0474
48161,Freestone County,0.2885,0.5771,0.3439,0.585
48163,Frio County,0.6996,0.6759,0.9328,0.996
48165,Gaines County,0.6126,0.6443,0.581,0.5336
48167,Galveston County,0.3715,0.2253,0.5573,0.498
48169,Garza County,0.7154,0.332,0.7589,0.4071
48171,Gillespie County,0.3439,0.415,0.2174,0.581
48173,Glasscock County,0.1146,0.336,0.3518,0.1067
48175,Goliad County,0.1818,0.17,0.4941,0.3834
48177,Gonzales County,0.498,0.9447,0.7668,0.9289
48179,Gray County,0.8221,0.6364,0.419,0.3518
48181,Grayson County,0.3202,0.3913,0.1858,0.419
48183,Gregg County,0.5138,0.5494,0.5375,0.6285
48185,Grimes County,0.6957,0.4348,0.4862,0.7826
48187,Guadalupe County,0.0949,0.2292,0.668,0.3281
48189,Hale County,0.9012,0.8419,0.834,0.6126
48191,Hall County,0.751,0.9209,0.5889,0.2925
48193,Hamilton County,0.2767,0.7628,0.0553,0.2016
48195,Hansford County,0.4427,0.3478,0.6601,0.1146
48197,Hardeman County,0.1107,0.6957,0.3478,0.0791
48199,Hardin County,0.2134,0.5613,0.0316,0.4862
48201,Harris County,0.9051,0.581,0.8814,0.6759
48203,Harrison County,0.5099,0.7708,0.4071,0.7747
48205,Hartley County,0.3123,0.0079,0.4545,0.415
48207,Haskell County,0.7826,0.664,0.3597,0.3202
48209,Hays County,0.3478,0.0237,0.6324,0.5296
48211,Hemphill County,0.17,0.834,0.415,0.3083
48213,Henderson County,0.668,0.2095,0.1462,0.8182
48215,Hidalgo County,0.9921,0.8656,0.9763,0.834
48217,Hill County,0.4941,0.6126,0.2806,0.7115
48219,Hockley County,0.7352,0.8617,0.6877,0.7787
48221,Hood County,0.2332,0.0949,0.0632,0.4743
48223,Hopkins County,0.6008,0.3794,0.2372,0.4704
48225,Houston County,0.751,0.4506,0.4506,0.9091
48227,Howard County,0.5494,0.5692,0.6798,0.7233
48229,Hudspeth County,0.9644,0.8538,0.9289,0.9565
48231,Hunt County,0.5573,0.2806,0.2885,0.913
48233,Hutchinson County,0.1621,0.2569,0.3004,0.087
48235,Irion County,0.249,0.1265,0.2253,0.1265
48237,Jack County,0.8656,0.3597,0.1423,0.917
48239,Jackson County,0.4704,0.5217,0.4901,0.6601
48241,Jasper County,0.7628,0.166,0.1818,0.9012
48243,Jeff Davis County,0.2569,0.4032,0.1028,0.3123
48245,Jefferson County,0.8419,0.7787,0.7787,0.7549
48247,Jim Hogg County,0.8854,0.0435,0.9526,0.2648
48249,Jim Wells County,0.913,0.9289,0.92490000000000006,0.5178
48251,Johnson County,0.2727,0.2411,0.3043,0.5771
48253,Jones County,0.6206,0.0672,0.498,0.3715
48255,Karnes County,0.6561,0.4822,0.8221,1
48257,Kaufman County,0.3834,0.3241,0.5415,0.4032
48259,Kendall County,0.0632,0.1383,0.2688,0.1897
48261,Kenedy County,0.5415,0.9605,1,0.0316
48263,Kent County,0.0356,0.4901,0.0593,0.1462
48265,Kerr County,0.3953,0.1621,0.3241,0.7194
48267,Kimble County,0.2964,0.1581,0.249,0.2609
48269,King County,0.4269,0.6838,0.3715,0.0119
48271,Kinney County,0.1739,0.8458,0.8142,0.2688
48273,Kleberg County,0.9368,0.4427,0.917,0.9328
48275,Knox County,0.4032,0.6996,0.5138,0.1937
48277,Lamar County,0.6087,0.7391,0.2213,0.4269
48279,Lamb County,0.6759,0.9802,0.7945,0.3874
48281,Lampasas County,0.3399,0.3992,0.2569,0.3043
48283,La Salle County,0.9447,0.502,0.9644,0.7589
48285,Lavaca County,0.1186,0.2964,0.2372,0.3913
48287,Lee County,0.3004,0.3518,0.3992,0.8221
48289,Leon County,0.4071,0.751,0.1621,0.2372
48291,Liberty County,0.9565,0.668,0.5099,0.9605
48293,Limestone County,0.7194,0.7747,0.5257,0.6917
48295,Lipscomb County,0.4625,0.9763,0.4664,0.3241
48297,Live Oak County,0.6601,0.4466,0.6403,0.9526
48299,Llano County,0.3874,0.4111,0.0198,0.2569
48301,Loving County,0,0.9486,0,0.9723
48303,Lubbock County,0.5059,0.0751,0.6245,0.6364
48305,Lynn County,0.6877,0.8182,0.6403,0.0751
48307,McCulloch County,0.7945,0.585,0.4032,0.2292
48309,McLennan County,0.5771,0.5336,0.5692,0.5968
48311,McMullen County,0.5534,0.9526,0.7747,0.2964
48313,Madison County,0.4308,0.4704,0.5968,0.9842
48315,Marion County,0.4545,0.3874,0.2569,0.3439
48317,Martin County,0.3518,0.2727,0.7036,0.2411
48319,Mason County,0.0672,0.6245,0.087,0.0277
48321,Matagorda County,0.8972,0.8933,0.7352,0.6245
48323,Maverick County,0.9881,0.8893,0.996,0.8458
48325,Medina County,0.1067,0.6087,0.7391,0.7905
48327,Menard County,0.9526,0.5889,0.4229,0.3557
48329,Midland County,0.332,0.4545,0.7273,0.6403
48331,Milam County,0.4585,0.5929,0.4269,0.5534
48333,Mills County,0.0514,0.6324,0.2648,0.083
48335,Mitchell County,0.4664,0.249,0.6838,0.751
48337,Montague County,0.3043,0.4664,0.0158,0.2806
48339,Montgomery County,0.1462,0.1858,0.3874,0.3597
48341,Moore County,0.7668,0.7984,0.8498,0.7984
48343,Morris County,0.336,0.6719,0.3755,0.4625
48345,Motley County,0.1304,0.4743,0.1146,0.004
48347,Nacogdoches County,0.8063,0.7431,0.4783,0.9921
48349,Navarro County,0.8814,0.8814,0.6126,0.8893
48351,Newton County,0.9289,0.1937,0.166,0.8498
48353,Nolan County,0.7747,0.9368,0.6166,0.7945
48355,Nueces County,0.7866,0.415,0.8775,0.7154
48357,Ochiltree County,0.6285,0.9091,0.747,0.6047
48359,Oldham County,0.1542,0.0356,0.332,0.2885
48361,Orange County,0.2688,0.3913,0.0949,0.4941
48363,Palo Pinto County,0.7391,0.2885,0.2016,0.3992
48365,Panola County,0.4862,0.3676,0.2253,0.5415
48367,Parker County,0.0711,0.0395,0.0791,0.2134
48369,Parmer County,0.5968,0.7352,0.8261,0.2213
48371,Pecos County,0.581,0.3597,0.8972,0.9447
48373,Polk County,0.7391,0.5455,0.249,0.8696
48375,Potter County,0.92490000000000006,0.7866,0.7115,0.9407
48377,Presidio County,1,0.9407,0.9209,0.7075
48379,Rains County,0.083,0.5968,0.0395,0.2253
48381,Randall County,0.0395,0.0909,0.3083,0.2767
48383,Reagan County,0.2925,0.0751,0.9051,0.17
48385,Real County,0.3755,0.7589,0.2016,0.5652
48387,Red River County,0.6443,0.2648,0.1937,0.3281
48389,Reeves County,0.8538,0.5692,0.913,0.9209
48391,Refugio County,0.7273,0.8379,0.7708,0.4901
48393,Roberts County,0.0198,0,0.0514,0.1028
48395,Robertson County,0.3636,0.6877,0.5257,0.6166
48397,Rockwall County,0.0237,0.0277,0.3202,0.0514
48399,Runnels County,0.1976,0.7945,0.4427,0.0356
48401,Rusk County,0.4704,0.3399,0.3834,0.5889
48403,Sabine County,0.5929,0.4071,0.0316,0.2055
48405,San Augustine County,0.9407,0.6798,0.2885,0.9051
48407,San Jacinto County,0.8182,0.6047,0.2134,0.3794
48409,San Patricio County,0.6917,0.8498,0.8024,0.6601
48411,San Saba County,0.5613,0.3439,0.3794,0.1462
48413,Schleicher County,0.6324,0.498,0.7115,0.0593
48415,Scurry County,0.3518,0.2095,0.6403,0.1779
48417,Shackelford County,0.2213,0.1423,0.0198,0.3399
48419,Shelby County,0.7115,0.8261,0.4387,0.8577
48421,Sherman County,0.2451,0.8142,0.5613,0.1976
48423,Smith County,0.4822,0.5534,0.4783,0.6047
48425,Somervell County,0.0751,0.2332,0.1067,0.6798
48427,Starr County,0.996,0.9723,0.9921,0.7352
48429,Stephens County,0.8893,0.7431,0.2806,0.83
48431,Sterling County,0.0474,0.1067,0.336,0.0672
48433,Stonewall County,0.2806,0.1739,0.2372,0.1225
48435,Sutton County,0.5257,0.7668,0.9012,0.5217
48437,Swisher County,0.9209,0.6403,0.7312,0.4466
48439,Tarrant County,0.5178,0.415,0.6917,0.4664
48441,Taylor County,0.3162,0.2609,0.4111,0.4822
48443,Terrell County,0.0119,0.3043,0.6047,0
48445,Terry County,0.9486,0.913,0.7905,0.7036
48447,Throckmorton County,0.3083,0.0474,0.0277,0.0079
48449,Titus County,0.83,0.8854,0.7115,0.6996
48451,Tom Green County,0.2846,0.4308,0.6324,0.6206
48453,Travis County,0.2095,0.0158,0.6719,0.6561
48455,Trinity County,0.6364,0.7984,0.1265,0.7312
48457,Tyler County,0.7075,0.5059,0.0988,0.8656
48459,Upshur County,0.4111,0.3755,0.0909,0.249
48461,Upton County,0.4111,0.4862,0.7589,0.5613
48463,Uvalde County,0.8617,1,0.8933,0.8854
48465,Val Verde County,0.7866,0.8972,0.9368,0.8696
48467,Van Zandt County,0.4229,0.2451,0.0711,0.2688
48469,Victoria County,0.6719,0.6206,0.7115,0.6522
48471,Walker County,0.8103,0.0119,0.5415,0.9802
48473,Waller County,0.5652,0.2055,0.7549,0.8379
48475,Ward County,0.3597,0.7075,0.7984,0.336
48477,Washington County,0.1265,0.1146,0.3913,0.6838
48479,Webb County,0.9802,0.8775,0.9881,0.8103
48481,Wharton County,0.8024,0.8221,0.7036,0.7866
48483,Wheeler County,0.7984,0.9051,0.2885,0.4348
48485,Wichita County,0.4111,0.2016,0.3597,0.6324
48487,Wilbarger County,0.8142,0.6561,0.5534,0.5494
48489,Willacy County,0.9842,0.7905,0.9486,0.8419
48491,Williamson County,0.087,0.0988,0.5257,0.1581
48493,Wilson County,0.0316,0.0593,0.5613,0.3597
48495,Winkler County,0.2648,0.3123,0.83,0.253
48497,Wise County,0.166,0.5099,0.166,0.4111
48499,Wood County,0.3794,0.4585,0.0751,0.6008
48501,Yoakum County,0.5257,0.4783,0.8696,0.3004
48503,Young County,0.2055,0.7115,0.1383,0.1858
48505,Zapata County,0.9763,0.9921,0.9842,0.9486
48507,Zavala County,0.7233,0.9881,0.9802,0.4506
